operation;hollow-mean;hollow-stdev;hollow-min;hollow-max;hollow-warmup-mean;hollow-warmup-stdev;hollow-warmup-min;hollow-warmup-max;
OperationOpenGraph;18549.75;13984.161333004564;5342.0;38848.0;496613.25;795282.7461787962;7456.0;1873658.0;
OperationDeleteGraph;3901.0;0.0;3901.0;3901.0;30973.0;0.0;30973.0;30973.0;
OperationShutdownGraph;1399.25;519.2587866372605;882.0;2265.0;3807.5;4089.4733462880035;1235.0;10887.0;
OperationDoGC;3.46993786125E9;3843576.645129467;3.464502324E9;3.474694472E9;3.46320692725E9;8409737.399187425;3.449005294E9;3.470981941E9;
OperationLoadGraphML-barabasi_1000_5000;1.04951346E8;0.0;1.04951346E8;1.04951346E8;4.12748195E8;0.0;4.12748195E8;4.12748195E8;
OperationGlobalClusteringCoefficient;6386146.0;0.0;6386146.0;6386146.0;4.7824606E7;0.0;4.7824606E7;4.7824606E7;
OperationNetworkAverageClusteringCoefficient;3096816.0;0.0;3096816.0;3096816.0;2.0986311E7;0.0;2.0986311E7;2.0986311E7;
