operation;bdb-mean;bdb-stdev;bdb-min;bdb-max;bdb-warmup-mean;bdb-warmup-stdev;bdb-warmup-min;bdb-warmup-max;
OperationOpenGraph;5.4636011E7;5.2884631E7;1751380.0;1.07520642E8;9.8276541E7;9.7164889E7;1111652.0;1.9544143E8;
OperationGlobalClusteringCoefficient;4.255514264E9;0.0;4.255514264E9;4.255514264E9;4.468672787E9;0.0;4.468672787E9;4.468672787E9;
OperationShutdownGraph;2.55588925E7;1.18328315E7;1.3726061E7;3.7391724E7;9870435.0;5715563.0;4154872.0;1.5585998E7;
OperationDoGC;3.4160163005E9;1.08843415E7;3.405131959E9;3.426900642E9;3.420823626E9;1.9404815E7;3.401418811E9;3.440228441E9;
OperationNetworkAverageClusteringCoefficient;8.52519854E8;0.0;8.52519854E8;8.52519854E8;9.15990582E8;0.0;9.15990582E8;9.15990582E8;
