operation;Rdf-mean;Rdf-stdev;Rdf-min;Rdf-max;Warmup-mean;Warmup-stdev;Warmup-min;Warmup-max;
OperationOpenGraph;5.469146745E8;9.302819645014248E8;3956843.0;2.158180144E9;1.7849031925E8;1.7593610725741124E8;6899135.0;4.05707722E8;
OperationDeleteGraph;1335107.0;0.0;1335107.0;1335107.0;1.7438395E7;0.0;1.7438395E7;1.7438395E7;
OperationShutdownGraph;3391601.5;5045987.516140349;1815.0;1.2115839E7;634299.25;389912.95615968894;14747.0;1012610.0;
OperationDoGC;3.56061012225E9;3.6899844033518165E7;3.504107335E9;3.604551312E9;3.591771309E9;1.1110163973423015E8;3.487646944E9;3.765028599E9;
OperationLoadGraphML-barabasi_1000000_5000000;3.331214748733E12;0.0;3.331214748733E12;3.331214748733E12;4.365631479633E12;0.0;4.365631479633E12;4.365631479633E12;
OperationGetShortestPath;2.16941198231212E11;1.8485212684681475E12;11266.0;2.4273480536549E13;1.56238674589928E11;1.7675197883938518E12;17490.0;3.4106038261424E13;
OperationGetShortestPathProperty;2.64138604059702E11;2.3570276270865166E12;1.9357258883E10;3.2613679658502E13;3.56820088885126E11;2.6839488465517305E12;1.5795684995E10;4.0224985628541E13;
