operation;dup-mean;dup-stdev;dup-min;dup-max;
OperationOpenGraph;1.784430895E8;5716285.5;1.72726804E8;1.84159375E8;
OperationDeleteGraph;2542139.0;0.0;2542139.0;2542139.0;
OperationShutdownGraph;9.3081913E7;9.308005E7;1863.0;1.86161963E8;
OperationDoGC;3.4383618045E9;2.14119355E7;3.416949869E9;3.45977374E9;
OperationLoadGraphML-barabasi_1000_5000;3.56834558E8;0.0;3.56834558E8;3.56834558E8;
