operation;dup-mean;dup-stdev;dup-min;dup-max;dup-warmup-mean;dup-warmup-stdev;dup-warmup-min;dup-warmup-max;
OperationOpenGraph;8.0207334E7;7.9428418E7;778916.0;1.59635752E8;1.805253205E8;1.793062115E8;1219109.0;3.59831532E8;
OperationGlobalClusteringCoefficient;53384.0;0.0;53384.0;53384.0;5100148.0;0.0;5100148.0;5100148.0;
OperationShutdownGraph;71662.0;27112.0;44550.0;98774.0;163527.5;81629.5;81898.0;245157.0;
OperationDoGC;3.411997109E9;5114857.0;3.406882252E9;3.417111966E9;3.440584216E9;1.7697086E7;3.42288713E9;3.458281302E9;
OperationNetworkAverageClusteringCoefficient;35387.0;0.0;35387.0;35387.0;112295.0;0.0;112295.0;112295.0;
