operation;dup-mean;dup-stdev;dup-min;dup-max;dup-warmup-mean;dup-warmup-stdev;dup-warmup-min;dup-warmup-max;
OperationOpenGraph;9330215.2;3.0068956347871784E7;815474.0;1.21833056E8;2.6649264866666667E7;9.47293576421807E7;807464.0;3.81093128E8;
OperationGetKFirstNeighbors;32405.1586;17499.87937106557;9693.0;174539.0;48339.9658;28648.492640832414;11685.0;815783.0;
OperationShutdownGraph;352971.06666666665;411154.64159696514;81693.0;1226645.0;390721.5333333333;440992.4950900134;79394.0;1241665.0;
OperationDoGC;5.5872518864E9;4.900820240389516E7;5.54183546E9;5.726815118E9;5.589469589666667E9;4.142310309157786E7;5.55569011E9;5.692316753E9;
OperationGetKRandomNeighbors;37064.0964;26533.14700868908;10632.0;841830.0;49462.6388;29194.075177267267;12394.0;424064.0;
OperationGetKHopNeighbors;2.56719941842E7;1.54729010234952E9;10647.0;1.09371960041E11;3.62723401302E7;1.448973188561464E9;11441.0;9.3760455241E10;
