operation;neo-mean;neo-stdev;neo-min;neo-max;neo-warmup-mean;neo-warmup-stdev;neo-warmup-min;neo-warmup-max;
OperationOpenGraph;1.56898864E8;9.7210081E7;5.9688783E7;2.54108945E8;6.40462034E8;5.83295108E8;5.7166926E7;1.223757142E9;
OperationGlobalClusteringCoefficient;1.65415629E8;0.0;1.65415629E8;1.65415629E8;7.59620763E8;0.0;7.59620763E8;7.59620763E8;
OperationShutdownGraph;4.246165295E8;2.12510265E7;4.03365503E8;4.45867556E8;4.294230635E8;3.29664865E7;3.96456577E8;4.6238955E8;
OperationDoGC;3.5457910505E9;3717213.5;3.542073837E9;3.549508264E9;3.560296183E9;2.7810797E7;3.532485386E9;3.58810698E9;
OperationNetworkAverageClusteringCoefficient;5.5908226E7;0.0;5.5908226E7;5.5908226E7;1.12124673E8;0.0;1.12124673E8;1.12124673E8;
