operation;dex-mean;dex-stdev;dex-min;dex-max;dex-warmup-mean;dex-warmup-stdev;dex-warmup-min;dex-warmup-max;
OperationOpenGraph;2183281.0;1555967.0;627314.0;3739248.0;7.7087131E7;7.6177651E7;909480.0;1.53264782E8;
OperationGlobalClusteringCoefficient;2.90155222E8;0.0;2.90155222E8;2.90155222E8;3.8332993E8;0.0;3.8332993E8;3.8332993E8;
OperationShutdownGraph;1.080976095E8;6.36244895E7;4.447312E7;1.71722099E8;2.118382355E8;1.650157085E8;4.6822527E7;3.76853944E8;
OperationDoGC;3.4527674865E9;1892110.5;3.450875376E9;3.454659597E9;3.438700476E9;1.9286902E7;3.419413574E9;3.457987378E9;
OperationNetworkAverageClusteringCoefficient;7.1879696E7;0.0;7.1879696E7;7.1879696E7;9.1920036E7;0.0;9.1920036E7;9.1920036E7;
