operation;rdf-mean;rdf-stdev;rdf-min;rdf-max;rdf-warmup-mean;rdf-warmup-stdev;rdf-warmup-min;rdf-warmup-max;
OperationOpenGraph;2.7005739E7;2.3899948E7;3105791.0;5.0905687E7;1.50575442E8;1.46919733E8;3655709.0;2.97495175E8;
OperationGlobalClusteringCoefficient;1.970884972E9;0.0;1.970884972E9;1.970884972E9;3.081150911E9;0.0;3.081150911E9;3.081150911E9;
OperationShutdownGraph;324900.5;46.5;324854.0;324947.0;736582.5;384543.5;352039.0;1121126.0;
OperationDoGC;3.524421577E9;6905343.0;3.517516234E9;3.53132692E9;3.5477083785E9;8951155.5;3.538757223E9;3.556659534E9;
OperationNetworkAverageClusteringCoefficient;3.77347771E8;0.0;3.77347771E8;3.77347771E8;4.72123156E8;0.0;4.72123156E8;4.72123156E8;
