operation;neo-mean;neo-stdev;neo-min;neo-max;
OperationOpenGraph;1.5390885605E9;1.42802575E7;1.524808303E9;1.553368818E9;
OperationDeleteGraph;4.54479439E8;0.0;4.54479439E8;4.54479439E8;
OperationShutdownGraph;2.74362819E8;2.74359951E8;2868.0;5.4872277E8;
OperationDoGC;3.57840391E9;1.3777533E7;3.564626377E9;3.592181443E9;
OperationLoadGraphML-barabasi_1000_5000;1.580824707E9;0.0;1.580824707E9;1.580824707E9;
