operation;neo-mean;neo-stdev;neo-min;neo-max;
OperationOpenGraph;1.6265875535E9;4206421.5;1.622381132E9;1.630793975E9;
OperationDeleteGraph;4.79013858E8;0.0;4.79013858E8;4.79013858E8;
OperationShutdownGraph;2.82950927E8;2.82948071E8;2856.0;5.65898998E8;
OperationDoGC;3.573470837E9;2.2311537E7;3.5511593E9;3.595782374E9;
OperationLoadGraphML-barabasi_1000_5000;1.524655009E9;0.0;1.524655009E9;1.524655009E9;
