operation;neo-mean;neo-stdev;neo-min;neo-max;neo-warmup-mean;neo-warmup-stdev;neo-warmup-min;neo-warmup-max;
OperationOpenGraph;2.037658975E8;1.506360205E8;5.3129877E7;3.54401918E8;6.901284035E8;5.809777975E8;1.09150606E8;1.271106201E9;
OperationGlobalClusteringCoefficient;2.649813142276E12;0.0;2.649813142276E12;2.649813142276E12;2.668635213081E12;0.0;2.668635213081E12;2.668635213081E12;
OperationShutdownGraph;7.54364575E8;4.5793994E7;7.08570581E8;8.00158569E8;8.440872435E8;8.06195235E7;7.6346772E8;9.24706767E8;
OperationDoGC;3.8511418795E9;8.71203245E7;3.764021555E9;3.938262204E9;4.0984678745E9;1.689643005E8;3.929503574E9;4.267432175E9;
OperationNetworkAverageClusteringCoefficient;7.64165743252E11;0.0;7.64165743252E11;7.64165743252E11;7.82314847468E11;0.0;7.82314847468E11;7.82314847468E11;
