operation;neo-mean;neo-stdev;neo-min;neo-max;neo-warmup-mean;neo-warmup-stdev;neo-warmup-min;neo-warmup-max;
OperationOpenGraph;6.697518596666666E8;6.854164356295102E8;6.9277437E7;1.628977983E9;1.0711573866666666E9;7.291999919157659E8;7.7317946E7;1.806428354E9;
OperationDeleteGraph;4.28235538E8;0.0;4.28235538E8;4.28235538E8;5.18446477E8;0.0;5.18446477E8;5.18446477E8;
OperationShutdownGraph;2.044210538E9;2.3776531919697037E9;2451.0;5.378404983E9;1.940697633E9;2.1780736489051476E9;15633.0;4.982589323E9;
OperationDoGC;4.61039341E9;1.2648365203470123E9;3.581533097E9;6.392025988E9;4.515235845666667E9;1.144768715993489E9;3.512537205E9;6.117352942E9;
OperationLoadGraphML-barabasi_1000000_5000000;2.936118998953E12;0.0;2.936118998953E12;2.936118998953E12;3.048901508142E12;0.0;3.048901508142E12;3.048901508142E12;
OperationGetShortestPath;1.9921482459082E10;1.869485894059162E11;4739.0;2.845022543687E12;5.9567307111288E10;8.004272542264044E11;5008.0;1.3451547643372E13;
