operation;neo-mean;neo-stdev;neo-min;neo-max;neo-warmup-mean;neo-warmup-stdev;neo-warmup-min;neo-warmup-max;
OperationOpenGraph;7.2916303E7;4.4158397569224566E7;4.8917451E7;2.32772645E8;1.7011787146666667E8;4.238889627959089E8;4.5106872E7;1.755591279E9;
OperationGetKFirstNeighbors;39808.9536;72031.56813509091;1519.0;4739117.0;49907.625;104365.41632553369;1915.0;5037291.0;
OperationShutdownGraph;5.443808325333333E8;2.0884564287613165E8;3.93612388E8;9.46744857E8;5.668029786E8;2.2478054505003223E8;3.82599135E8;9.14301795E8;
OperationDoGC;5.7012758476E9;9.954080861623642E7;5.604222432E9;5.948308581E9;5.708251106533334E9;1.0536874404663497E8;5.628448803E9;5.994359531E9;
OperationGetKRandomNeighbors;48656.4106;62358.05677132034;3307.0;2978594.0;52627.2812;41395.95311283617;3459.0;1357319.0;
OperationGetKHopNeighbors;2.32570344146E7;6.97683017476198E8;2453.0;3.3549777928E10;1.13542647544E7;2.495645952061671E8;2246.0;1.2555791813E10;
