threads;neo
1;1092737.535667
2;1191197.507753
4;1216454.638732
8;1256938.346947
16;1179202.713525
32;1246589.029656
