threads;neo
1;1.025256
2;24.781578
4;1.214947
8;21.490338
16;50.234677
32;17.759838
