threads;neo
1;0.235639
2;0.337749
4;0.469246
8;0.543622
16;0.783682
32;0.840007
