threads;neo
1;0.042929
2;0.043281
4;0.049411
8;0.101056
16;0.409370
32;0.334942
