threads;neo
1;29.402006
2;29.554420
4;31.225945
8;384.782382
16;24.317135
32;27.403069
