threads;neo
1;2.673661
2;3.247861
4;3.535600
8;13.882720
16;217.775813
32;71.407888
