threads;neo
1;24.577378
2;24.306177
4;11.350145
8;16.881774
16;12.612124
32;25.348631
