threads;neo
1;0.051726
2;0.058430
4;0.091791
8;0.132668
16;0.189667
32;0.301081
