threads;neo
1;0.036724
2;0.052734
4;0.056733
8;0.098727
16;0.326377
32;0.226347
