threads;neo
1;0.040869
2;0.055529
4;0.055909
8;0.103177
16;0.139622
32;0.215127
