threads;neo
1;3656701.689111
2;3899351.711560
4;3970098.364098
8;3801922.657169
16;3843173.596505
32;4118689.865525
