threads;neo
1;0.046268
2;0.060116
4;0.075695
8;0.101196
16;0.184503
32;0.215169
