operation;sql-mean;sql-stdev;sql-min;sql-max;sql-warmup-mean;sql-warmup-stdev;sql-warmup-min;sql-warmup-max;
OperationOpenGraph;1.8206466E7;3115924.0;1.5090542E7;2.132239E7;2.431589535E8;2.188530225E8;2.4305931E7;4.62011976E8;
OperationGlobalClusteringCoefficient;1.5983138298E10;0.0;1.5983138298E10;1.5983138298E10;1.4923154577E10;0.0;1.4923154577E10;1.4923154577E10;
OperationShutdownGraph;176851.5;1152.5;175699.0;178004.0;759910.0;469584.0;290326.0;1229494.0;
OperationDoGC;3.508330866E9;3831203.0;3.504499663E9;3.512162069E9;3.5162116495E9;1.45177455E7;3.501693904E9;3.530729395E9;
OperationNetworkAverageClusteringCoefficient;3.25527424E9;0.0;3.25527424E9;3.25527424E9;3.235917997E9;0.0;3.235917997E9;3.235917997E9;
