operation;bdb-mean;bdb-stdev;bdb-min;bdb-max;bdb-warmup-mean;bdb-warmup-stdev;bdb-warmup-min;bdb-warmup-max;
OperationOpenGraph;1.4063705733333332E7;4.582638249576961E7;1743114.0;1.85529669E8;2.6664594666666668E7;9.328440688701195E7;1063025.0;3.75701149E8;
OperationGetKFirstNeighbors;107038.572;176811.22938464515;7872.0;1.1027846E7;127002.5638;155864.69873446866;8645.0;6901699.0;
OperationShutdownGraph;1.0669599333333334E7;5615564.055256292;986203.0;1.970108E7;1.0659945733333332E7;5913439.543969059;1043666.0;2.3821837E7;
OperationDoGC;5.534015545066667E9;2.905890077145902E7;5.506072041E9;5.589029422E9;5.534710156266666E9;2.7643687683921263E7;5.507743336E9;5.612046349E9;
OperationGetKRandomNeighbors;216243.8342;382502.04818722967;9017.0;9514645.0;228768.8658;350212.34790000075;9503.0;7987392.0;
OperationGetKHopNeighbors;2.9525739913E7;5.2772263141503483E8;8286.0;2.7002655266E10;2.22125640898E7;2.818286519421647E8;9664.0;1.0989287135E10;
