database;base;incremental
bdb;0.205787;0.160403
dex;0.035026;0.048040
dup;0.044573;0.057747
neo;0.029737;0.027100
sql;0.621363;0.633023
