database;base;incremental
bdb;4.636459;12.321109
dex;0.434570;1.531761
dup;0.570325;1.549983
neo;0.094199;0.211778
sql;19.085535;73.624453
