database;base;incremental
bdb;8.314293;41.498100
dex;2.407977;8.427547
dup;2.543447;7.800534
neo;1.835790;3.739180
sql;13.765823;57.717334
