database;base;incremental
bdb;0.079145;0.097733
dex;0.034562;0.050216
dup;0.030645;0.027913
neo;0.028286;0.028690
sql;0.398283;0.476554
