database;base;incremental
bdb;8.090543;43.546533
dex;2.614579;8.685750
dup;2.667386;8.316281
neo;1.576985;4.099539
sql;12.664113;59.982035
