database;base;incremental
bdb;34.534043;16.667240
dex;19.561657;1.940834
dup;19.158950;15.952881
neo;11.928277;10.131798
sql;259.601494;199.832173
