database;base;incremental
bdb;3463.145542;3453.423657
dex;3418.109440;3421.467382
dup;3481.021883;3453.587517
neo;3629.966840;3603.449897
sql;3528.416172;3498.077571
