database;base;incremental
bdb;9005.083691;5905.774317
dex;515.749944;564.367881
dup;896.400799;678.239393
neo;174.825707;148.802078
sql;32093.324196;33736.966633
