database;base;incremental
bdb;0.143682;0.195745
dex;0.036520;0.055033
dup;0.038657;0.055614
neo;0.028629;0.031840
sql;0.349827;0.475507
