database;base;incremental
bdb;37.511527;18.381515
dex;12.095542;1.819010
dup;25.240008;21.294810
neo;20.898370;12.871517
sql;292.957109;231.318224
