database;base;incremental
bdb;21.015859;15.701962
dex;638.993906;5029.267838
dup;7.501655;6.766959
neo;379.807350;434.499773
sql;0.518181;0.553883
