database;base;incremental
bdb;0.056580;0.059321
dex;0.031993;0.055696
dup;0.027007;0.025011
neo;0.029737;0.032055
sql;0.333341;0.379871
