database;base;incremental
bdb;0.203520;0.178247
dex;0.040649;0.034767
dup;0.038323;0.048027
neo;0.036195;0.032394
sql;0.658208;0.727759
