database;base;incremental
bdb;0.123555;0.108824
dex;0.028865;0.065875
dup;0.033193;0.036306
neo;0.027334;0.031652
sql;0.231653;0.298248
