database;base;incremental
bdb;0.151408;0.195226
dex;0.037592;0.045523
dup;0.040803;0.040870
neo;0.041390;0.039649
sql;0.269114;0.447341
