database;base;incremental
bdb;1810.913766;2082.257780
dex;141.691575;201.971560
dup;207.969607;245.819880
neo;48.300496;58.252111
sql;7173.690047;14201.212928
