database;base;incremental
bdb;1970.891707;2222.669977
dex;148.373117;207.597628
dup;206.075579;270.560763
neo;48.187987;54.837469
sql;7115.090723;13448.222485
