database;base;incremental
bdb;0.080648;0.086805
dex;0.040290;0.040278
dup;0.036075;0.032204
neo;0.034307;0.038232
sql;0.323413;0.358691
