database;base;incremental
bdb;18.811876;1.687774
dex;0.783575;0.798991
dup;12.465593;4.906362
neo;156.135865;47.575239
sql;21.114440;11.396179
