database;base;incremental
bdb;34.817980;17.321239
dex;11.981800;3.902849
dup;20.345931;15.136451
neo;10.292257;12.174111
sql;252.112917;165.919941
