database;base;incremental
bdb;16.344417;14.155363
dex;0.634041;1.197443
dup;1.492229;1.642402
neo;0.346474;0.699209
sql;74.335871;124.991271
