database;base;incremental
bdb;0.139423;0.117209
dex;0.037223;0.044460
dup;0.036486;0.044805
neo;0.045920;0.037010
sql;0.290275;0.321116
