database;base;incremental
bdb;43.058540;18.929051
dex;10.818746;2.995492
dup;29.633125;18.281333
neo;16.953587;15.261781
sql;282.199990;219.696041
