database;base;incremental
bdb;22.549365;22.855309
dex;0.954368;0.893088
dup;4.573520;6.409971
neo;0.882889;1.009799
sql;168.053435;154.180643
