database;base;incremental
bdb;0.047567;0.050039
dex;0.024330;0.047327
dup;0.027392;0.031012
neo;0.022515;0.025717
sql;0.323235;0.334701
