database;base;incremental
bdb;2733.565177;682.798251
dex;723.950749;246.072867
dup;605.056355;361.856849
neo;2237.929719;585.203989
sql;6006.282791;2347.321145
