database;base;incremental
bdb;15.094157;13.340078
dex;0.678449;0.750427
dup;1.486226;1.537594
neo;0.311629;0.679362
sql;31.462391;130.359016
