database;base;incremental
bdb;9628.845026;6349.219900
dex;523.367761;501.838003
dup;887.448685;686.700016
neo;171.302006;130.880800
sql;32410.898188;33647.334936
