database;base;incremental
bdb;19.551801;16.829658
dex;0.979808;1.079176
dup;4.571895;6.801020
neo;0.868296;0.793777
sql;174.181206;183.121710
