database;base;incremental
bdb;0.934079;1.015627
dex;0.106671;0.191600
dup;0.132239;0.168290
neo;0.065121;0.059824
sql;4.072497;3.944370
