operation;neo-mean;neo-stdev;neo-min;neo-max;
OperationOpenGraph;1.5535802675E9;5.37730755E7;1.499807192E9;1.607353343E9;
OperationDeleteGraph;3.78056838E8;0.0;3.78056838E8;3.78056838E8;
OperationShutdownGraph;3.1792865955E9;3.1792839115E9;2684.0;6.358570507E9;
OperationDoGC;3.6773673495E9;9.43571435E7;3.583010206E9;3.771724493E9;
OperationLoadGraphML-barabasi_1000000_5000000;1.253085446919E12;0.0;1.253085446919E12;1.253085446919E12;
