operation;dup-mean;dup-stdev;dup-min;dup-max;dup-warmup-mean;dup-warmup-stdev;dup-warmup-min;dup-warmup-max;
OperationOpenGraph;2.7752274E7;2.6468574E7;1283700.0;5.4220848E7;7.5520608E7;7.4161282E7;1359326.0;1.4968189E8;
OperationGlobalClusteringCoefficient;5.68557574E8;0.0;5.68557574E8;5.68557574E8;7.36598334E8;0.0;7.36598334E8;7.36598334E8;
OperationShutdownGraph;1.31721315E7;1.30869895E7;85142.0;2.6259121E7;2.0216738E7;2.0131899E7;84839.0;4.0348637E7;
OperationDoGC;3.4640787555E9;1.04972415E7;3.453581514E9;3.474575997E9;3.471161626E9;1.8634283E7;3.452527343E9;3.489795909E9;
OperationNetworkAverageClusteringCoefficient;1.01937329E8;0.0;1.01937329E8;1.01937329E8;1.21378903E8;0.0;1.21378903E8;1.21378903E8;
