threads;neo
1;23.239122
2;38.897360
4;44.945960
8;47.137733
