threads;neo
1;0.034137
2;0.024732
4;0.019607
8;0.013398
16;0.013560
32;0.016369
