threads;neo
1;0.024731
2;0.037368
4;0.026536
8;0.013970
