threads;neo
1;0.027727
2;0.028979
4;0.017449
8;0.009459
16;0.013161
32;0.010583
