threads;neo
1;53.366020
2;74.629656
4;103.342272
8;168.932647
16;223.606914
32;329.208352
