threads;neo
1;3522.382638
2;3526.914191
4;3509.862565
8;3512.916799
