threads;neo
1;0.565453
2;0.768419
4;1.399076
8;1.208535
