threads;neo
1;0.043092
2;0.048694
4;0.038671
8;0.043220
