threads;neo
1;0.027552
2;0.029975
4;0.021459
8;0.014593
16;0.015195
32;0.013115
