threads;neo
1;12.817593
2;10.161816
4;11.643754
8;2.737627
