threads;neo
1;458.605514
2;443.697834
4;414.166108
8;393.502436
