threads;neo
1;0.036560
2;0.045676
4;0.041806
8;0.038335
16;0.043496
32;0.042943
