threads;neo
1;48.354139
2;47.020520
4;46.459787
8;45.841487
