threads;neo
1;0.021589
2;0.027799
4;0.016523
8;0.015317
