threads;neo
1;0.034011
2;0.035710
4;0.021000
8;0.019177
16;0.015722
32;0.018435
