threads;neo
1;23.098836
2;31.861532
4;46.933369
8;33.746882
16;54.367534
32;62.748744
