threads;neo
1;15.951394
2;31.609002
4;47.876690
8;47.618174
