threads;neo
1;0.794647
2;0.910078
4;0.926418
8;1.566017
