threads;neo
1;16.006623
2;42.423645
4;32.330396
8;53.901153
16;14.993895
32;8.758007
