threads;neo
1;0.746146
2;0.956052
4;0.931601
8;1.347701
16;4.360319
32;4.717548
