threads;neo
1;0.022900
2;0.030893
4;0.023536
8;0.022788
