threads;neo
1;0.026514
2;0.034162
4;0.020633
8;0.013582
