threads;neo
1;12.557081
2;13.409206
4;12.724264
8;8.361031
16;6.354110
32;3.926606
