threads;neo
1;0.562090
2;0.386630
4;0.196824
8;0.236687
16;0.284605
32;1.106379
