threads;neo
1;0.028364
2;0.051682
4;0.029354
8;0.026693
16;0.011750
32;0.010213
