threads;neo
1;0.476872
2;0.288615
4;0.324643
8;0.894728
