threads;neo
1;52.044795
2;86.204805
4;101.798014
8;127.374996
