threads;neo
1;0.028743
2;0.031627
4;0.022846
8;0.017387
