threads;neo
1;0.501773
2;0.874845
4;1.187878
8;1.301810
16;1.142329
32;1.269737
