operation;dup-mean;dup-stdev;dup-min;dup-max;
OperationOpenGraph;5.4532537E7;5.3196561E7;1335976.0;1.07729098E8;
OperationGlobalClusteringCoefficient;1.081045614879E12;0.0;1.081045614879E12;1.081045614879E12;
OperationShutdownGraph;701536.0;42553.0;658983.0;744089.0;
OperationDoGC;3.381965683E9;2.0043193E7;3.36192249E9;3.402008876E9;
OperationNetworkAverageClusteringCoefficient;1.95567060614E11;0.0;1.95567060614E11;1.95567060614E11;
