operation;dup-mean;dup-stdev;dup-min;dup-max;dup-warmup-mean;dup-warmup-stdev;dup-warmup-min;dup-warmup-max;
OperationOpenGraph;5.8626276E7;5.7339797E7;1286479.0;1.15966073E8;2.029759145E8;2.016117085E8;1364206.0;4.04587623E8;
OperationGlobalClusteringCoefficient;1.076589835477E12;0.0;1.076589835477E12;1.076589835477E12;1.084061871563E12;0.0;1.084061871563E12;1.084061871563E12;
OperationShutdownGraph;713244.5;34065.5;679179.0;747310.0;1197603.0;384259.0;813344.0;1581862.0;
OperationDoGC;3.397251089E9;998052.0;3.396253037E9;3.398249141E9;3.4241372315E9;1.35350205E7;3.410602211E9;3.437672252E9;
OperationNetworkAverageClusteringCoefficient;1.94534168152E11;0.0;1.94534168152E11;1.94534168152E11;1.95115563472E11;0.0;1.95115563472E11;1.95115563472E11;
