operation;dup-mean;dup-stdev;dup-min;dup-max;dup-warmup-mean;dup-warmup-stdev;dup-warmup-min;dup-warmup-max;
OperationOpenGraph;1.2122219533333333E8;8.513849633884607E7;824677.0;1.82504247E8;1.9109582766666666E8;1.5784915150328603E8;1573371.0;3.88011159E8;
OperationDeleteGraph;560239.0;0.0;560239.0;560239.0;1519934.0;0.0;1519934.0;1519934.0;
OperationShutdownGraph;1.1371917461333334E10;1.6081029885499363E10;1099.0;3.4113927998E10;1.2965632975333334E10;1.833482516720558E10;17575.0;3.8894991368E10;
OperationDoGC;4.179180215E9;1.075544567415066E9;3.381397391E9;5.699611238E9;4.2041078916666665E9;1.0571956762133739E9;3.422120539E9;5.698671177E9;
OperationLoadGraphML-barabasi_1000000_5000000;3.69635132668E11;0.0;3.69635132668E11;3.69635132668E11;6.30508658505E11;0.0;6.30508658505E11;6.30508658505E11;
OperationGetShortestPath;1.29358803600246E11;1.403785780352661E12;16925.0;2.6673737397958E13;4.0488709186034E10;4.6514820857034204E11;16719.0;8.304114392057E12;
